{
    "2013" : {
        "_index" : {
            "enabled" : true
        },
        "_id" : {
            "index" : "not_analyzed",
            "store" : "yes"
        },
        "properties" : {
            "gameid" : {
                "type" : "string",
                "index" : "not_analyzed",
                "store" : "yes"
            },
            "qtr" : {
                "type" : "short",
                "store" : "yes"
            },
            "min" : {
                "type" : "short",
                "store" : "yes",
                "ignore_malformed" : "true"
            },
            "sec" : {
                "type" : "short",
                "store" : "yes",
                "ignore_malformed" : "true"
            },
            "off" : {
                "type" : "string",
                "index" : "not_analyzed"
            },
            "def" : {
                "type" : "string",
                "index" : "not_analyzed"
            },
            "down" : {
                "type" : "short",
                "store" : "yes",
                "ignore_malformed" : "true"
            },
            "togo" : {
                "type" : "short",
                "store" : "yes",
                "ignore_malformed" : "true"
            },
            "ydline" : {
                "type" : "short",
                "store" : "yes",
                "ignore_malformed" : "true"
            },
            "scorediff" : {
                "type" : "short",
                "store" : "yes"
            },
            "series1stdn" : {
                "type" : "short",
                "store" : "yes"
            },
            "description" : {
                "type" : "string",
                "store" : "yes"
            },
            "scorechange" : {
                "type" : "short",
                "store" : "yes"
            },
            "nextscore" : {
                "type" : "short",
                "store" : "yes"
            },
            "teamwin" : {
                "type" : "short",
                "store" : "yes"
            },
            "offscore" : {
                "type" : "short",
                "store" : "yes"
            },
            "defscore" : {
                "type" : "short",
                "store" : "yes"
            },
            "season" : {
                "type" : "date",
                "format" : "YYYY",
                "ignore_malformed" : "true"
            }
        }
    }
}